ID,rel_length,hour,avg_speed,mrl,msa,max_depth
mn200219-55,40.63,8,1.02636334271424,0.782624156424063,3.47211651856304,10.8353440562852
mn200219-55,40.63,8,1.00282454403883,0.802808298120546,3.42394378924384,12.4707341767785
mn200219-55,40.63,8,0.631143776722087,0.668551803320142,3.3444537207232,11.3030073322327
mn200219-55,40.63,8,1.12838291148889,0.842268337469091,3.52995498377021,21.7233006731544
mn200219-55,40.63,8,1.41642820984233,0.954753578535127,4.89813042746999,24.9111925542082
mn200219-55,40.63,9,1.12870007273844,0.916506306921131,5.55334058429907,25.4509450565564
mn200219-55,40.63,9,0.909436702700812,0.696696209602857,3.6522560634152,17.1323873585202
mn200219-55,40.63,9,0.737676256629739,0.632193098135153,3.8685473056456,12.7738617753185
mn200219-55,40.63,9,0.633078935060937,0.609774415793881,3.7043136127991,13.5762214414349
mn200219-55,40.63,9,0.738016665084384,0.877867849894741,3.56350518073321,13.5094799118603
mn200219-55,40.63,9,0.701594141648548,0.761374785582789,3.96408506798807,12.3887262620238
mn200219-55,40.63,9,0.65663771368713,0.567281203771623,3.97580861787091,14.914783226286
mn200219-55,40.63,9,0.625584102517316,0.982036858828583,3.95862015722974,13.2761857653377
mn200219-55,40.63,9,0.631169398223197,0.801518678399298,3.70209288975121,17.6468001015681
mn200219-55,40.63,9,1.85057408649119,0.923364559987746,10.3676157195193,17.4114198383805
mn200219-55,40.63,9,1.59558613229176,0.720186029994988,6.70107223301501,18.094915288862
mn200219-55,40.63,9,0.85963067013476,0.794872864458686,2.95751225915268,14.4067137519902
mn200219-55,40.63,10,0.612296208060742,0.615317842512884,1.70742355947021,17.8077164433041
mn200219-55,40.63,10,0.630677784933978,0.48787724485776,1.52981063384226,17.3805751867543
mn200219-55,40.63,10,0.673767842107001,0.517906268443276,2.60360533937617,15.4322497506273
mn200219-55,40.63,10,0.708477044165897,0.695148435434429,3.10940029340795,17.4278995626534
mn200219-55,40.63,10,0.632750331297577,0.576356493094695,3.13118628010696,15.7917463961077
mn200219-55,40.63,10,0.856681902975326,0.74807931665348,2.60824707763867,24.6662062923755
mn200219-55,40.63,10,0.818959759801781,0.430775221146403,2.27824474547703,18.9034568494621
mn200219-55,40.63,10,0.79535290617693,0.338003205847437,2.37768830282023,20.4288018298892
mn200219-55,40.63,10,0.717885441921853,0.589530961229427,2.50155948622068,19.6134620801573
mn200219-55,40.63,10,0.631350523105525,0.739650988478099,3.11199001420398,14.7517055518624
mn200219-55,40.63,10,0.611565728010024,0.482548354049314,3.30808166991005,14.4484537676713
mn200219-55,40.63,10,0.640922432481108,0.868736220225007,3.87374276195648,12.0841707191899
mn200219-55,40.63,11,0.583472447401852,0.826238243237453,3.71461826068319,12.5455134643109
mn200219-55,40.63,11,1.24149196297374,0.725733824242637,5.59908375457093,18.5197776544957
mn200219-55,40.63,11,0.697234166903496,0.770315834504768,2.16286194980771,18.0435445516083
mn200219-55,40.63,11,0.833591009496426,0.908673003022079,4.07843508541189,20.1218798788271
mn200219-55,40.63,11,1.14192961300605,0.869300745137527,4.95959477305778,16.8950085822305
mn200219-55,40.63,11,0.686204667669589,0.626660150566409,2.61294055936905,17.4227113071411
mn200219-55,40.63,11,0.751905548050722,0.523399098089628,3.23155214871506,15.9020591987995
mn200219-55,40.63,11,0.61097996067461,0.500207045588818,3.54240450851074,16.9045605699817
mn200219-55,40.63,11,0.765338429100316,0.439004882917062,2.03768082141967,14.725230041522
mn200219-55,40.63,11,0.688595127696848,0.452676837521057,2.96892708939992,17.5121731294514
mn200219-55,40.63,11,0.65167138338253,0.40135800541442,2.79015685757354,16.8856782385157
mn200219-55,40.63,12,0.797586800229517,0.47450119977827,2.23293835382904,19.0529600992742
mn200219-55,40.63,12,0.797953431537752,0.610867016971858,2.8290674754698,18.7898452002369
mn200219-55,40.63,12,0.67217452124218,0.473364671906036,3.8194865393834,16.338398703371
mn200219-55,40.63,12,0.766951108320108,0.953674316623372,2.78242502735695,8.42534471166493
mn200219-55,40.63,12,0.833154320566055,0.990497901936721,2.88391451933312,1.28905562816761
mn200219-55,40.63,12,0.790658439547563,0.946377280295837,2.94923564442059,2.56895421240449
mn200219-55,40.63,12,0.938381185118196,0.923215418813534,2.72379298482421,37.8769563372607
mn200219-55,40.63,12,0.970912825878468,0.95052954370132,2.33256553598631,34.7942559783546
mn200219-55,40.63,12,1.77436609861426,0.948559311732901,8.9094488805966,38.5961655756728
mn200219-55,40.63,12,1.58152417719725,0.903309087205136,6.75886075015884,68.7426444346389
mn200219-55,40.63,12,1.09610535548218,0.917690515848547,3.46853193210463,60.2851803264729
mn200219-55,40.63,12,0.677544120502959,0.77113334743115,2.944456109367,14.2189006422771
mn200219-55,40.63,13,0.807740683589754,0.516623488413263,3.30065486654276,19.4714843094533
mn200219-55,40.63,13,0.724000135382258,0.774418245437027,2.54612439104671,21.1322720590024
mn200219-55,40.63,13,0.803990035334414,0.946742773062865,2.54420974906695,18.5074736108737
mn200219-55,40.63,13,0.651397723423342,0.816409897078923,3.26596970688178,12.7286285604
mn200219-55,40.63,13,0.6986098480431,0.247126954705438,3.13613273887875,16.5037350909175
mn200219-55,40.63,13,1.05680470110133,0.767615751757181,3.04870518755416,18.3877955079196
mn200219-55,40.63,13,1.25428249067969,0.646850836817123,6.04781331078254,14.0430609303426
mn200219-55,40.63,13,1.17999745393994,0.896514170167369,3.72690777361758,7.15457236371923
mn200219-55,40.63,13,0.816490488399546,0.740781426329555,2.90424453494191,15.3535473871573
mn200219-55,40.63,13,0.884329940875296,0.76141358897551,2.41718112288362,24.681156738135
mn200219-55,40.63,13,0.776598933856656,0.709474874163437,2.28410162574879,17.2239959386357
mn200219-55,40.63,13,0.804822965961742,0.605469049287977,3.16770546214536,15.8199757315368
mn200219-55,40.63,14,1.03321221437492,0.656821487812439,3.79527120662979,18.1193022431707
mn200219-55,40.63,14,1.26877276115993,0.910010740261184,4.10646626287112,36.8472727982809
mn200219-55,40.63,14,1.29607007991838,0.952825426724416,4.5648635984774,17.5273662655742
mn200219-55,40.63,14,0.736691117187841,0.719079914922635,1.8283584826657,17.4125911776453
mn200219-55,40.63,14,0.91969185947183,0.493088085296451,2.63593386345728,17.5336913306309
mn200219-55,40.63,14,0.923230100949766,0.794317541206467,2.54772131908648,23.7631179034824
mn200219-55,40.63,14,1.05022621234121,0.810293299569414,2.71866133687886,21.1597977925759
mn200219-55,40.63,14,1.13398403209792,0.915402599405604,3.08626266380962,11.0317812256678
mn200219-55,40.63,14,1.27926484060106,0.988328320999257,3.17529430622502,4.66441966662839
mn200219-55,40.63,14,1.1979967325024,0.971337573564155,3.07412319986177,30.6732375589508
mn200219-55,40.63,14,0.831777750756754,0.834357384839434,2.85597070844496,16.0106923322407
mn200219-55,40.63,14,1.40049348772769,0.972767367458234,4.40682218116746,44.353983617387
mn200219-55,40.63,15,1.5228344417376,0.985821982785167,5.53750334217917,41.4899593344202
mn200219-55,40.63,15,1.18659040662304,0.992083993805612,2.49175879401544,10.1500391745238
mn200219-55,40.63,15,1.07125920587549,0.98268201844175,1.95263250742388,11.3944247979135
mn200219-55,40.63,15,1.03733560051414,0.956497574512234,1.92339850999171,25.2584386688908
mn200219-55,40.63,15,1.24707367158278,0.951203283829331,3.60421720427732,40.9011860571622
mn200219-55,40.63,15,1.17138832708646,0.959064301309408,3.24582860735931,48.9287147976124
mn200219-55,40.63,15,1.17278211533459,0.927398982656632,2.93035725687314,24.5591177671304
mn200219-55,40.63,15,1.26431689622892,0.989730974556521,2.97027626364197,7.25362039623175
mn200219-55,40.63,15,0.953914326486901,0.989967931856781,1.65281326204795,6.81632814246377
mn200219-55,40.63,15,1.06845515645207,0.987057900562584,2.45957003204353,7.46518643344278
mn200219-55,40.63,15,0.740040070084704,0.913359071322289,2.62171292373371,11.7572158198236
mn200219-55,40.63,15,0.727172619358184,0.688276365962741,2.79503934591016,15.0141596706094
mn200219-55,40.63,16,0.869695722934202,0.597098261448841,3.1938581562909,16.0042242208421
mn200219-55,40.63,16,0.773978820136716,0.58294645928196,1.92577385015318,18.4737620758677
mn200219-55,40.63,16,0.872058640879024,0.609482840512386,2.90207805109363,17.2094851282236
mn200219-55,40.63,16,0.839307765702115,0.348887495975311,3.42890434053194,17.1585448135819
mn200219-55,40.63,16,0.803180021396519,0.400989016633108,3.12191808015911,16.3869450925501
mn200219-55,40.63,16,0.803692083280237,0.512109313860289,2.44732810796204,19.3101542912373
mn200219-55,40.63,16,0.774963459630257,0.618281898383062,3.02511554646609,15.1567887212964
mn200219-55,40.63,16,0.77838451720538,0.279466464908753,3.32765243862661,15.4708333036048
mn200219-55,40.63,16,1.54986560965278,0.955821463040696,6.48199041347538,64.3674647883664
mn200219-55,40.63,16,1.3321539787214,0.940940897463271,4.45106401906523,69.9279112247974
mn200219-55,40.63,16,1.40810669918454,0.895449620696313,4.89351298852949,67.118125870272
mn200219-55,40.63,16,1.39568143214652,0.960869492627724,5.02296581979589,51.3576818971722
mn200219-55,40.63,17,1.23582621325517,0.892853107758001,4.20127534081391,45.9491142141626
mn200219-55,40.63,17,0.923637700252389,0.748428935181116,2.80662430726543,20.7822611361964
mn200219-55,40.63,17,0.713189846897071,0.871150587233571,2.24906178263391,17.4340971040697
mn200219-55,40.63,17,1.27471611319272,0.719306558536375,4.62903585893582,49.3459526300093
mn200219-55,40.63,17,0.793378531781299,0.833538855148904,2.66465701904334,19.2123463424558
mn200219-55,40.63,17,0.683720706679083,0.596875201486841,2.64127470464603,18.3516355527327
mn200219-98,49.72,10,1.49241066234712,0.973435058083973,5.39204085346192,48.2114185567105
mn200219-98,49.72,10,1.10477765260249,0.961212496149705,2.33374721011312,51.0653839145488
mn200219-98,49.72,10,1.08275984616696,0.941081380985092,2.0608366106132,8.26880703583269
mn200219-98,49.72,10,1.05379233511779,0.974837209393461,1.55271848198939,63.1119342720642
mn200219-98,49.72,10,1.02453260013541,0.944135907080833,1.66149885926884,66.2519318733754
mn200219-98,49.72,10,1.12091856652244,0.950187701081997,2.8566020484618,28.6381704974438
mn200219-98,49.72,10,0.94814608612935,0.487530325496085,2.33673655222471,30.456740390974
mn200219-98,49.72,10,1.04675694415798,0.130581126064315,2.49142127534483,40.2365828295886
mn200219-98,49.72,10,0.717429945461408,0.694820606017713,3.15286606009015,20.2720588290299
mn200219-98,49.72,10,1.12814168738344,0.612258402042779,3.31393880189899,32.0632780461102
mn200219-98,49.72,11,0.779882855526791,0.755027416111822,3.37753239057559,46.6872807296414
mn200219-98,49.72,11,0.929677111843446,0.138169283514388,2.04104631644528,41.0118093004235
mn200219-98,49.72,11,0.826813440998335,0.0894569162306808,2.53558062535087,24.7634910959201
mn200219-98,49.72,11,0.61007075107366,0.855724886558545,2.29155375905708,23.0849962657988
mn200219-98,49.72,11,1.07239686175401,0.877696217451795,2.74390007577379,42.2322227477292
mn200219-98,49.72,11,0.769020602342508,0.488112899408082,2.34623577661132,28.3553085819435
mn200219-98,49.72,11,0.642729841612268,0.777192280312482,2.40913367036734,26.4453540264546
mn200219-98,49.72,11,0.663854184463194,0.678247361764889,3.51042133013918,25.7710615156709
mn200219-98,49.72,11,1.62561720825826,0.981252917306916,6.50094617754417,48.4430321811377
mn200219-98,49.72,11,1.21328024309057,0.936995104946718,2.70454392839301,52.7424959152202
mn200219-98,49.72,11,1.22953200916958,0.990901242369051,3.34984547408246,63.4739547894474
mn200219-98,49.72,11,1.19455625912331,0.990889660997641,2.39464792157306,3.60045051648806
mn200219-98,49.72,12,0.713189028650112,0.676254556450405,3.20420111648408,32.7870260852561
mn200219-98,49.72,12,1.25135570546378,0.582506817773795,4.71618957723328,44.4482790431037
mn200219-98,49.72,12,1.35538872971669,0.958298068120801,4.01014422309231,44.226890940992
mn200219-98,49.72,12,1.1786963580121,0.952625104672377,2.80800935671631,43.615539726316
mn200219-98,49.72,12,0.678659510871895,0.695844165200309,1.65325324394268,30.3991483863385
mn200219-98,49.72,12,0.678789059455245,0.779017012394043,2.7451741566705,27.31846344072
mn200219-98,49.72,12,0.887760077762413,0.586765330378406,2.84094252777963,26.7631018150527
mn200219-98,49.72,12,0.858408467889563,0.8435832328049,2.5296753884049,24.4401356355476
mn200219-98,49.72,12,0.836852753293057,0.908557752657591,2.62986647504958,31.7987963346907
mn200219-98,49.72,12,0.795781380030106,0.65667322320618,2.73924811697787,28.7192322672635
mn200219-98,49.72,12,0.725269301145617,0.769835877742595,2.60904846826018,26.3883630700786
mn200219-98,49.72,13,0.800003318902314,0.638088251034417,3.15097920204281,24.2147209445589
mn200219-98,49.72,13,0.960239250136982,0.709716630990657,2.82656102484118,23.4390733494653
mn200219-98,49.72,13,0.900472737395276,0.904451043282604,3.3674865544475,28.6651234118924
mn200219-98,49.72,13,0.798815748799495,0.553734287773095,3.51088506816966,27.2927259293472
mn200219-98,49.72,13,0.724252902942487,0.901391357180942,3.10084521818722,26.0867240324449
mn200219-98,49.72,13,0.690290960808443,0.743772215483655,2.76585780778946,26.3257656058149
mn200219-98,49.72,13,1.27775761967718,0.721088428728136,4.54775583727674,21.4684743621157
mn200219-98,49.72,13,1.33361918975049,0.968638799788725,3.80368332159197,63.0087889163905
mn200219-98,49.72,13,1.59164956278266,0.9526941588989,6.23572851920116,68.8607920495315
mn200219-98,49.72,13,1.30825882044234,0.389562710829983,4.52498552814861,64.2478152194882
mn200219-98,49.72,13,1.36900428713273,0.229026904223185,5.44465254553555,51.6087425746488
mn200219-98,49.72,13,1.33339948601589,0.72426155770545,4.81177622221268,48.663454941397
mn200219-98,49.72,14,0.892305503197578,0.419885883708759,2.92480259048176,49.0898979059195
mn200219-98,49.72,14,1.24681469095673,0.309176225394248,4.65280204690154,49.1036292769625
mn200219-98,49.72,14,0.762419563514471,0.693890032013729,3.15200231364909,23.9281520712808
mn200219-98,49.72,14,1.2547966332343,0.814451462378691,4.01029201830331,53.9524232247389
mn200219-98,49.72,14,1.34386733736303,0.881322681345859,4.12636231633944,45.0892580124426
mn200219-98,49.72,14,1.29991274233889,0.505035767735538,4.81891985723614,24.6898931849782
mn200219-98,49.72,14,0.815865338008439,0.484026885216457,2.85482713742391,29.8705968940618
mn200219-98,49.72,14,1.46732390474785,0.374677796691557,7.26690001831623,28.5304789706049
mn200219-98,49.72,14,1.57261184054673,0.979718177152546,5.99184215654149,51.0664545042014
mn200219-98,49.72,14,1.43027814753641,0.985990846758597,4.47162191561123,57.1028869835588
mn200219-98,49.72,14,1.57586900854342,0.951593180699907,5.87783038745708,8.30954159850084
mn200219-98,49.72,14,1.47278743199931,0.958494618609439,5.45754937003448,41.4673678607064
mn200219-98,49.72,15,1.22447021655853,0.784828195227412,3.51017528169694,51.6258012765783
mn200219-98,49.72,15,1.78410256882772,0.454654476051037,9.02700362369361,45.9012034645046
mn200219-98,49.72,15,1.90755167187472,0.848849110162892,9.13724121108131,47.8050561583988
mn200219-98,49.72,15,1.47662884781781,0.942416470098743,5.39636674516883,53.1133710334752
mn200219-98,49.72,15,1.62115319624913,0.845132368678158,7.0762482932618,43.670220315141
mn200219-98,49.72,15,1.8285310306397,0.961154049611457,8.79556882214162,61.3210597494891
mn200219-98,49.72,15,1.62735497757245,0.949991772513149,7.14156528677465,75.3345209270915
mn200219-98,49.72,15,1.29076319809745,0.980491802476261,3.86531258043128,31.7767875874243
mn200219-98,49.72,15,1.19081394788386,0.978553666704601,3.46740004075107,31.035986751248
mn200219-98,49.72,15,1.57294549214665,0.449708969215348,6.52649957141388,76.7790276216899
mn200219-98,49.72,15,2.40908366679329,0.764167133341034,14.0655818366063,7.64799598610466
mn200219-98,49.72,15,2.18695830611578,0.773201837856967,11.9732337699202,5.93993450108524
mn200219-98,49.72,16,2.69211396448553,0.870295804541912,16.8035729401559,10.8334006355067
mn200219-98,49.72,16,1.38179098344255,0.906118032508346,5.15409514494506,52.7112846521815
mn200219-98,49.72,16,1.71769696770552,0.819350860646721,8.01156771448187,46.7407147953889
mn200219-98,49.72,16,2.20357060895765,0.941266257477394,12.3109856265077,44.7015727419578
mn200219-98,49.72,16,1.20411380760383,0.687909250710297,3.38945489144307,62.8269028337365
mn200219-98,49.72,16,2.03921505359398,0.358363663468857,11.163177200165,11.1048488472322
mn200219-98,49.72,16,2.67863395798439,0.953867510629104,16.8611226743224,7.1008502734289
mn200219-98,49.72,16,2.24092449469414,0.884566959605451,12.6171475227972,9.39251838856558
mn200219-98,49.72,16,2.3157238878964,0.956053598804352,13.2743345987852,5.79806844243784
mn200219-98,49.72,16,1.43095410299084,0.919913817047503,5.15064023948263,7.06790078513509
mn200219-98,49.72,16,1.55586589230413,0.900851776434401,6.10990736288136,33.429637320415
mn200219-98,49.72,16,0.824957127179118,0.948900447517034,1.52109004634962,35.0530746732889
mn200219-98,49.72,17,1.25874348906433,0.457020955105141,3.67027640239428,20.679478617418
mn200219-98,49.72,17,1.8143113301549,0.902623721838529,8.51934189748097,6.81595719477384
mn200219-98,49.72,17,1.1852256719997,0.892865563886956,3.32032194260459,33.4063020953897
mn200219-98,49.72,17,1.11940561195712,0.887982907639449,2.2398607809593,33.9703743873608
mn200219-98,49.72,17,1.0970835992716,0.880306633245728,1.60203694397198,9.26707956127061
mn200219-98,49.72,17,1.00948705135373,0.857627503270573,1.47549078849382,23.7722922359526
mn200219-98,49.72,17,0.899464413190503,0.603664939804118,2.04770565418583,29.8973522522556
mn200219-98,49.72,17,0.823131862171749,0.878284680755472,1.95284000366508,22.1172860421459
mn200219-98,49.72,17,1.57227512849968,0.542330650705772,6.47990407987906,9.29816719306144
mn200219-98,49.72,17,1.41161768158049,0.773871681473016,4.96161066266259,4.20766737846522
mn200219-98,49.72,17,1.21602730930517,0.71920425632435,3.7510390075561,34.0688995816789
mn200219-98,49.72,17,1.53087489325736,0.776909223013759,5.69553109859686,23.4184664552949
mn200219-98,49.72,18,1.02184121946001,0.936681838296715,1.25354829050662,23.2182067318825
mn200219-98,49.72,18,0.832506830294473,0.963421216620461,2.08846139519918,24.7611670626877
mn200219-98,49.72,18,1.01493858861294,0.330384422741704,2.28491390869545,23.4510445671747
mn200219-98,49.72,18,1.15430290730939,0.969694413535984,2.33392790722032,8.13369550343478
mn200219-98,49.72,18,0.975133791256034,0.995081887816108,1.37391666099763,7.16438734698512
mn200219-98,49.72,18,1.04205522930319,0.98639336217922,1.67768966738841,7.83265362799814
mn200219-98,49.72,18,0.95715196512714,0.864951765684874,1.28888422997493,8.90396995854091
mn200219-98,49.72,18,1.06015380567463,0.844086573823868,1.75917259040372,9.68745024490857
mn200219-98,49.72,18,1.02912806656957,0.97497970184078,1.36967787441813,8.55694819882536
mn200219-98,49.72,18,1.00770214481687,0.974441757788384,1.42360414683902,7.46407962432116
mn200219-98,49.72,18,0.926686714432274,0.977293778170231,1.41235861167672,6.67014083176404
mn200219-98,49.72,18,0.898822845568178,0.951496297956607,1.65870715121173,7.53685740756774
mn200219-98,49.72,19,0.960650407510513,0.968550510823184,1.70175755044236,6.864919194253
mn200219-98,49.72,19,1.0728894300948,0.875046614601006,1.69539264567592,5.99213801030709
mn200219-98,49.72,19,1.04391335887563,0.926461015123626,1.54344885355113,8.59382827560913
mn200219-98,49.72,19,1.04698821860791,0.984995667242834,1.67569839268835,8.61959487762019
mn200219-98,49.72,19,1.10505349410353,0.572333698160323,2.11141009521106,9.1787178803879
mn200219-98,49.72,19,1.16003783209423,0.874394367833383,2.97078427372791,8.35987989437926
mn200219-98,49.72,19,1.05442704842583,0.411474914717613,2.13908473079265,9.87759724830872
mn200219-98,49.72,19,0.939576672593626,0.961389753368218,1.40045980662686,8.21056457492813
mn200219-98,49.72,19,1.02336958986792,0.951612103385351,1.85417014565743,14.0396424605667
mn200219-98,49.72,19,1.29556912073728,0.895088795883523,4.29112049652153,7.61598657023674
mn200219-98,49.72,19,1.27819500090746,0.93287017236551,3.97243026155314,5.33319229985519
mn200222-99,NaN,12,0.744363151304333,0.359189519725481,3.26727348075597,10.6347709526179
mn200222-99,NaN,12,0.699917165178505,0.286980861962055,3.51920365128625,8.86340341821832
mn200222-99,NaN,12,0.717259552103308,0.189531930537682,3.4726453769475,12.0109846092563
mn200222-99,NaN,12,0.683408319570469,0.584800720048756,3.36649820107538,8.87886757624146
mn200222-99,NaN,12,0.707855721371767,0.172925686918999,2.99325391694776,8.73012469153188
mn200222-99,NaN,12,0.65660569978761,0.398241396097819,3.02398899517382,8.29864695851531
mn200222-99,NaN,12,0.76456391311873,0.229316489850362,3.57476208940644,5.84650502269356
mn200222-99,NaN,12,0.773033277294352,0.365642478681424,3.63901182392764,6.64075619950875
mn200222-99,NaN,12,0.656674076936497,0.146129345024176,3.0820480853836,6.56409468462926
mn200222-99,NaN,12,0.687184387950188,0.195012083844083,2.948637044235,6.70476568290469
mn200222-99,NaN,12,1.28992314591024,0.862319487257075,3.52787277240612,4.49163264539462
mn200223-48,47.05,9,1.6755212902061,0.860750803715627,7.40594406048818,44.0562754382377
mn200223-48,47.05,9,1.12681600065519,0.606837641729129,4.00302355816739,28.2359734066257
mn200223-48,47.05,9,0.812620125166417,0.226025934790522,2.06065544286303,19.8520727313487
mn200223-48,47.05,9,1.00634545888581,0.47528902981912,3.36560113020768,18.1077179291869
mn200223-48,47.05,9,0.914897146520295,0.751092193913385,2.28347190367969,23.2250861908557
mn200223-48,47.05,9,1.0708911283349,0.767408316902193,3.16176543004752,23.7515021370525
mn200223-48,47.05,9,1.02371591219671,0.1638351049856,3.43934075481066,23.1196609252176
mn200223-48,47.05,10,0.908896183328522,0.467072103148938,2.70036075778809,19.871609296408
mn200223-48,47.05,10,1.23235426189296,0.570299137941393,4.67800962856369,23.7368949056166
mn200223-48,47.05,10,1.04334282373174,0.414819147772207,3.78931397685484,24.3215856504174
mn200223-48,47.05,10,1.19088385612271,0.669121547182738,4.44179875933124,41.3335718089431
mn200223-48,47.05,10,1.14346570927078,0.447030589988532,3.23616750028407,44.4986862602432
mn200223-48,47.05,10,1.04487832136962,0.691913348689008,3.74020261301267,30.2225622804575
mn200223-48,47.05,10,1.71389316674976,0.942469133690515,7.84600318916863,45.1810956294432
mn200223-48,47.05,10,1.46479955771882,0.681751200641038,5.70545636917325,52.3859825375701
mn200223-48,47.05,10,0.988576167682769,0.285437394702138,3.28795671958315,29.0970836293073
mn200223-48,47.05,10,0.848110552525164,0.516545503382849,2.06725096325583,18.9969045653698
mn200223-48,47.05,10,1.00845487986911,0.717675862165085,3.18357920597253,24.1733440396072
mn200223-48,47.05,10,0.978699683600183,0.247364990045088,3.27435369369527,25.8577400229107
mn200223-48,47.05,11,0.948475504441956,0.276539008524424,2.87073497052544,25.9650591374328
mn200223-48,47.05,11,1.56917505808635,0.470852266235576,7.07760413014989,18.4506523569094
mn200223-48,47.05,11,1.39950818006511,0.748546356331594,6.44327038267366,19.4256209370369
mn200223-48,47.05,11,0.678343225563732,0.694226999690014,2.62763930074804,19.9200646535598
mn200223-48,47.05,11,0.873212399810423,0.48970229789961,3.26791703948157,19.4192522322645
mn200223-48,47.05,11,2.06649942482781,0.75067029708042,11.4869747246248,53.5851627499898
mn200223-48,47.05,11,1.77900545038594,0.858291851156582,8.28855310504485,4.6512952906435
mn200223-48,47.05,11,1.95393399876895,0.886750920371425,10.4125142355561,8.17980185550358
mn200223-48,47.05,11,1.83544177353027,0.945034456259322,9.01950053747116,26.0310318472422
mn200223-48,47.05,11,2.1820911499149,0.776550215554913,12.2831013614413,18.573715303218
mn200223-48,47.05,11,1.26818656068357,0.953191364286326,5.48367694065779,21.0811378137964
mn200223-48,47.05,11,0.894684970625115,0.129229970702017,3.00047242229547,18.9711090489352
mn200223-48,47.05,12,1.09864494164535,0.647804369339956,4.08776330215531,15.2014162052596
mn200223-48,47.05,12,0.915637627920217,0.394088818317409,3.07709465303087,18.4850149880434
mn200223-48,47.05,12,0.820651855709615,0.745117395820987,2.82103862464482,16.0493478968401
mn200223-48,47.05,12,1.66407641118262,0.618191417279763,6.9780516618253,32.8305346637504
mn200223-48,47.05,12,1.09176104375403,0.875557226199389,3.69353205981535,32.0438831406501
mn200223-48,47.05,12,0.9654028526413,0.274999849086273,2.96313553846227,24.6389193353644
mn200223-48,47.05,12,1.29041721377463,0.481280214309669,4.81932706884923,18.9716876902086
mn200223-48,47.05,12,1.15483120167066,0.237027584889206,3.79548102210663,36.0050150345721
mn200223-48,47.05,12,0.98439657963872,0.280842419502371,3.15356247085274,18.6099633625612
mn200223-48,47.05,12,1.24726508427263,0.311780025363821,4.75388744656953,36.7262265078518
mn200223-48,47.05,12,1.38949793671375,0.515694931253846,5.51281232522052,47.7326312718785
mn200223-48,47.05,13,1.1678437452439,0.649208799651591,4.02851605112194,32.927661068994
mn200223-48,47.05,13,1.03420934079229,0.571059574200811,3.87894476078798,29.3364051283101
mn200223-48,47.05,13,1.14013134007928,0.24583166373987,3.64918283145927,45.2524302907994
mn200223-48,47.05,13,1.24205806517882,0.0499057807027985,4.3234256380563,48.8059073718713
mn200223-48,47.05,13,1.04583251323587,0.656917894113344,3.88704679699106,28.2233578609108
mn200223-48,47.05,13,0.910725400354515,0.639185489820328,2.72155735736497,22.7403504175057
mn200223-48,47.05,13,0.926539577129076,0.570543174920559,2.86614671758554,19.9324435704891
mn200223-48,47.05,13,1.13935127448899,0.452927024388795,3.94151755135265,19.5708198276334
mn200223-48,47.05,13,0.907947155771669,0.437751626177083,2.96140860185691,19.9131040734737
mn200223-48,47.05,13,1.08837724107641,0.380812839324251,3.35979934957259,17.0186392225462
mn200223-48,47.05,13,0.873227824322431,0.539468408018175,2.13480582370345,21.2846161983984
mn200223-48,47.05,13,0.915599772739909,0.624767591604708,2.74522330583267,20.9950388480769
mn200223-48,47.05,14,1.28191391055909,0.648274384378915,4.6561482722995,21.5947255219325
mn200223-48,47.05,14,1.40502284018817,0.936559460891702,5.32640456307935,70.5892759507992
mn200223-48,47.05,14,1.70990256259414,0.870363456248031,7.46946735222245,59.4377229967963
mn200223-48,47.05,14,2.80438871718229,0.904968309236805,18.3224116822046,46.4650224537427
mn200224-56,45.47,10,2.04297387432421,0.962133384431101,10.381464896222,4.45801176679682
mn200224-56,45.47,10,1.55839349945497,0.975415918971184,5.7950611972194,24.5618219674204
mn200224-56,45.47,10,1.33305781999238,0.964952250255906,3.84940917143963,47.8372841011836
mn200224-56,45.47,10,1.36106936680427,0.970622570072586,3.99978813582678,11.1250936875931
mn200224-56,45.47,10,1.27688682726303,0.991062434492347,3.09254345279489,5.23425179794775
mn200224-56,45.47,10,1.30951782435105,0.955435903550675,3.52292772670979,18.1483973688855
mn200224-56,45.47,10,1.29485388291167,0.990769140934095,3.25438741834829,8.66358674444338
mn200224-56,45.47,11,1.25339422783949,0.955255092189992,2.95854559056989,12.439573868208
mn200224-56,45.47,11,1.29508969897522,0.97006676517562,3.4903371957738,17.0861370074973
mn200224-56,45.47,11,1.25135637945381,0.987892075845585,2.86159584996601,9.30581387801416
mn200224-56,45.47,11,1.42747551731121,0.968255269309465,4.62246593132927,18.3363269683033
mn200224-56,45.47,11,1.30458477875321,0.945931227847519,3.77088866606745,18.3854833577888
mn200224-56,45.47,11,1.33361705275251,0.880542803121254,4.08706683484288,21.8708948754832
mn200224-56,45.47,11,1.31121445935533,0.891854619885551,3.89216923323383,22.827119451973
mn200224-56,45.47,11,1.31216390541265,0.920601201446082,3.92160361467631,23.6832021182637
mn200224-56,45.47,11,1.34082749272605,0.952135496448651,3.94373333617879,17.4134215353336
mn200224-56,45.47,11,1.4278038412481,0.365865692389434,4.54954769391497,8.99660645822018
mn200224-56,45.47,11,1.49602806319795,0.989354066596962,5.10352572699749,14.3850424868871
mn200224-56,45.47,11,1.27709636364368,0.98859664062847,3.01342013543896,10.8541401199202
mn200224-56,45.47,12,1.25556727601173,0.98913547177902,2.83924633166927,9.00877784646558
mn200224-56,45.47,12,1.34490596863634,0.903591151067467,4.09781799580933,26.50774258816
mn200224-56,45.47,12,1.33769626112601,0.884591606140658,4.22800405127179,17.062192128712
mn200224-56,45.47,12,1.25338146048792,0.895402815646567,3.80993314357838,8.44201433295121
mn200224-56,45.47,12,1.24945753313106,0.934236314808381,3.44280699624262,13.3998889423139
mn200224-56,45.47,12,1.23401742110922,0.99381570657879,2.6947825244224,12.9530813407534
mn200224-56,45.47,12,1.20439621182262,0.958992137346084,2.6691626990644,15.9146746746775
mn200224-56,45.47,12,1.21349850219356,0.830448373134837,3.3585029370788,18.0105611295685
mn200224-56,45.47,12,1.24818861715608,0.88781723132523,3.8701479654153,23.4620804234457
mn200224-56,45.47,12,1.28603338448443,0.933628274245907,3.97470097227421,7.89113704019368
mn200224-56,45.47,13,1.41118732839856,0.898211428179782,5.10235056977277,7.6206273813648
mn200224-56,45.47,13,1.37116707568111,0.885046059511239,4.16681835577742,15.2538645835974
mn200224-56,45.47,13,1.42664445679626,0.931061453071001,4.97450838610443,31.6212139122644
mn200224-56,45.47,13,1.3935237915781,0.950039209809956,4.19804542894664,32.8587976089258
mn200224-56,45.47,13,1.35766242925875,0.947029360440571,4.2249338576246,52.0006916704763
mn200224-56,45.47,13,1.50599669206622,0.949335542294174,5.48741377651427,27.9356511781481
mn200224-56,45.47,13,1.35184633920418,0.909267378097483,3.97333656760743,50.6706626809244
mn200224-56,45.47,13,1.34726393164002,0.971908118598392,4.20139567340051,11.0584641547851
mn200224-56,45.47,13,1.39467459054476,0.930157633442225,4.76888427174284,53.3612308247034
mn200224-56,45.47,13,1.61396825806569,0.96226445031004,6.3520421872034,51.4337150671756
mn200224-56,45.47,13,1.73804517533712,0.971625951134951,7.65668082524752,57.3553439754074
mn200224-56,45.47,14,1.43495639394494,0.218758088511797,4.9972200664894,48.0295903436674
mn200224-56,45.47,14,1.74318151148148,0.870023841300643,7.61411598470823,84.7140099635818
mn200224-56,45.47,14,1.56916821281135,0.94326476385232,6.17215297451527,55.7552650887586
mn200224-56,45.47,14,1.74777744905023,0.916353025350019,7.81342386828741,93.9985998544564
mn200224-56,45.47,14,1.40079434584583,0.85058156159356,5.35396071054933,75.7871202854183
mn200224-56,45.47,14,0.818774252360625,0.102092841440476,2.20832510875335,27.1284815153536
mn200224-56,45.47,14,0.854026787827819,0.567355344534328,2.82564735891871,24.7904672546383
mn200224-56,45.47,14,0.832263347499454,0.888887569537193,2.39986700010198,23.2893782800221
mn200224-56,45.47,14,0.781871416795865,0.823141301772302,1.69395455362424,27.6628975669288
mn200224-56,45.47,14,0.881170164919782,0.327184225999605,2.44257282684689,27.3175181805343
mn200224-56,45.47,15,1.10359354111755,0.200645916015734,2.9645178533951,24.5569499982566
mn200224-56,45.47,15,0.894962103116748,0.251982386761894,2.2305471229973,29.4831518918083
mn200224-56,45.47,15,1.39102545949074,0.734003638229247,5.03680750648224,66.5810480347816
mn200224-56,45.47,15,1.53649423145978,0.915697950076024,5.81713698953232,95.7235997499642
mn200224-56,45.47,15,0.88504103180928,0.493633555812273,2.20246820400025,27.8391418483456
mn200224-56,45.47,15,0.956334883447676,0.389070879280626,2.43905495899822,29.0500251805912
mn200224-56,45.47,15,1.32267840539511,0.568816768773025,4.42417435192851,56.7891347550473
mn200224-56,45.47,15,1.62515977888012,0.85985057951421,6.74520176672347,67.2969160298142
mn200224-56,45.47,15,1.65474268657526,0.951007430666254,6.79195719968679,80.123002647149
mn200224-56,45.47,15,1.55651315901536,0.921056312250504,6.03237081135831,106.746581348105
mn200224-56,45.47,15,1.07832534764126,0.363441985573654,2.59657061496471,30.007611702986
mn200224-56,45.47,15,0.869368449755799,0.279486401958934,2.85142179040871,27.0167559226337
mn200224-56,45.47,16,0.917837113121213,0.628111789755054,2.35134777135582,24.339791308389
mn200224-56,45.47,16,1.55834836948008,0.965269587296516,6.12001113325456,80.0300777648047
mn200224-56,45.47,16,0.951870385206229,0.138864639697624,2.20608908372824,29.4834610538984
mn200224-56,45.47,16,0.921628080484057,0.365904902851047,2.30057163849209,29.4415187990442
mn200224-56,45.47,16,1.20108304794648,0.645545289545101,3.45675472761095,35.0702774861672
mn200224-56,45.47,16,1.56592885051658,0.738323130639069,6.69677065749741,66.1122456731478
mn200224-56,45.47,16,1.40279063784785,0.763930855226854,4.94325202429361,84.4936417528022
mn200224-56,45.47,16,0.873202104098722,0.548666555728909,2.14194961921417,27.1194761452212
mn200224-56,45.47,16,0.83999375948255,0.508219889198992,1.73894564024642,24.2857519856777
mn200224-56,45.47,16,1.54936990888097,0.739679127532778,6.71840259165052,124.633818237648
mn200224-56,45.47,17,1.73004866995101,0.955467052244566,7.94772288578429,188.574323817535
mn200224-56,45.47,17,1.09167156165192,0.268097663890207,2.86474370282305,32.8748371347231
mn200224-56,45.47,17,1.01379148070952,0.272729052393503,2.71480052266365,28.7658142642566
mn200224-56,45.47,17,0.765244685862189,0.882105131794532,2.03727022479929,26.2972466302739
mn200224-56,45.47,17,1.10877326003116,0.511787854494579,2.71416446633548,28.6022154961384
mn200224-56,45.47,17,0.858316639762709,0.203662498543074,2.21737016743695,31.186657484799
mn200224-56,45.47,17,0.843488824705146,0.420704120411051,2.03097400256218,27.3145855582285
mn200224-56,45.47,17,1.56496384342777,0.912602409608481,6.28778966561046,15.4529276798828
mn200224-56,45.47,17,1.58904942225915,0.916882241060071,6.45732912498223,73.0773806042767
mn200224-56,45.47,17,1.90691687377187,0.955866804138276,9.45853862848778,115.582757269993
mn200224-56,45.47,17,1.57436374483759,0.650155280081402,6.74710677319101,155.553428695986
mn200224-56,45.47,17,1.61522358669752,0.551854462680612,7.79988690490109,96.2810915899391
mn200224-56,45.47,18,0.890929985999361,0.278241279848759,2.1467619683818,29.4655886794364
mn200224-56,45.47,18,0.77037613199083,0.75487621980806,2.16234269495814,26.6098986361012
mn200224-56,45.47,18,0.871125535525464,0.636535047185416,1.54855778031006,31.1781855153033
mn200224-56,45.47,18,0.86656832861586,0.58243174298784,1.757898994369,26.3395562295338
mn200224-56,45.47,18,0.839942244328988,0.327433181949759,1.60104901229288,32.0692458577381
mn200224-56,45.47,18,0.87423095680411,0.472415236673669,2.35029392035652,29.1660614642137
mn200224-56,45.47,18,0.848472887617723,0.734002195239511,1.68926387117796,28.7763227046043
mn200224-56,45.47,18,1.53271093384228,0.436003893114354,6.9275837831413,17.7802039256439
mn200225-48,44.97,8,1.23654806355825,0.920336939742118,3.47096603275526,19.650512608828
mn200225-48,44.97,8,0.975707827820249,0.719364923452377,2.51692243844311,15.8857813585105
mn200225-48,44.97,8,1.00942873063353,0.591477010348798,2.35828165915919,15.4880379565313
mn200225-48,44.97,9,1.02301982888579,0.830968686823592,2.79805319238193,15.9401971052764
mn200225-48,44.97,9,1.37863367176187,0.682015895386565,5.16718360969321,15.2473762431662
mn200225-48,44.97,9,1.12517184438733,0.759510040142771,2.75265105548698,20.4579094180646
mn200225-48,44.97,9,0.97145544785949,0.825305979534849,2.4687600195472,16.6485192985431
mn200225-48,44.97,9,0.8713458340269,0.632435465170622,2.42915041848595,16.4181273632302
mn200225-48,44.97,9,0.951706024923558,0.131644957049696,2.00687883953719,13.5822488362277
mn200225-48,44.97,9,0.973910436343578,0.530622659507445,2.03543864887518,17.8159736878067
mn200225-48,44.97,9,0.938852804909664,0.510739718301666,2.18283130202641,16.0283051805967
mn200225-48,44.97,9,0.947177103274872,0.878851506629623,1.77003110246721,16.5417357725661
mn200225-48,44.97,9,0.881993537405571,0.728872776738074,1.95050282812114,17.879926838957
mn200225-48,44.97,9,0.865807605567468,0.397513800953513,2.12753025117818,15.1749559188652
mn200225-48,44.97,10,1.18448053190219,0.933715831756521,3.48251110146303,17.3202581969015
mn200225-48,44.97,10,0.855791008524205,0.807852004331225,2.01043064903781,19.2598280152712
mn200225-48,44.97,10,0.87146617465531,0.561204367275853,1.63235378068149,17.2486166218122
mn200225-48,44.97,10,0.941026347247981,0.509849300819248,1.98555477463205,19.3259356774801
mn200225-48,44.97,10,0.967467228660934,0.462238289101995,2.14602098654011,16.975978027191
mn200225-48,44.97,10,0.927242151003433,0.460011576702491,2.29052672267226,22.3275443947786
mn200225-48,44.97,10,1.0025913530344,0.42868949794684,2.33028089794518,22.5985507865384
mn200225-48,44.97,11,1.02109314817219,0.766892963052851,2.16371876476161,21.397842431661
mn200225-48,44.97,11,0.829126470782801,0.737489387411663,1.85005269217158,19.5879244601596
mn200225-48,44.97,11,0.859654034611062,0.508932757349255,2.1332706348661,17.5771086243503
mn200225-48,44.97,11,0.947915252584057,0.561378905169976,2.22928833097577,19.5749451938145
mn200225-48,44.97,11,0.873192361037481,0.310043655485383,2.18157854038563,19.6396073429386
mn200225-48,44.97,11,0.810379017050785,0.500905325689041,1.45172001255318,18.28418069253
mn200225-48,44.97,11,0.961604526517596,0.640178705026521,2.25417605465453,19.6585924372332
mn200225-48,44.97,11,1.00703515799805,0.29118050203875,2.29179163419881,20.4045199591394
mn200225-48,44.97,11,1.13280173942207,0.942268717863752,2.67385354857697,21.8516458748949
mn200225-48,44.97,11,1.22827188345999,0.960936346819415,3.24737814599398,19.7239261663086
mn200225-48,44.97,11,1.09071842223311,0.873925137249477,2.35991830919647,22.2688598355615
mn200225-48,44.97,11,1.24613605766397,0.600518531609328,3.59821070238997,21.8453860032667
mn200225-48,44.97,12,1.15041481874961,0.863978947242888,3.09184439173158,20.6164686442758
mn200225-48,44.97,12,1.09581742798795,0.0413943528774525,2.88203246701735,21.374505277857
mn200225-48,44.97,12,0.816868309101523,0.680834776401895,1.88787510878792,19.4132509137321
mn200225-48,44.97,12,0.929959242837423,0.727608359975202,2.1111210058066,17.6734436349971
mn200225-48,44.97,12,0.844092618222079,0.658267994684528,2.34111516256888,18.7333808922414
mn200225-48,44.97,12,0.809762527378357,0.657642023291847,2.42347368194705,16.6945623926385
mn200225-48,44.97,12,0.899211864373589,0.367714447034791,2.49174244642996,15.0069049442922
mn200225-48,44.97,12,0.825499916341415,0.741250254270548,2.5025744407375,14.6672427697892
mn200225-48,44.97,12,0.905417380786812,0.411014086263012,1.99515552000281,15.6932892475583
mn200225-48,44.97,12,1.27182061487351,0.815200121650124,5.54137492896475,17.6756741441827
mn200225-48,44.97,12,1.49856605774312,0.991885938563298,5.66913364645935,19.3007813307167
mn200225-48,44.97,12,1.20219580149984,0.93095371873136,3.27830041445619,26.6066960271249
mn200225-48,44.97,13,1.20455551847628,0.745166522127178,3.5185114528969,28.8772904874773
mn200225-48,44.97,13,1.17100986882985,0.0986829688254976,3.07112393105187,31.1158575811514
mn200225-48,44.97,13,1.17060689158344,0.551551429443962,3.18151357683014,33.0164803057262
mn200225-48,44.97,13,1.23452181370761,0.801599442918862,3.69051379655283,29.5069410774387
mn200225-48,44.97,13,1.19922394877663,0.935135210989994,3.50962032742795,33.4016439902671
mn200225-48,44.97,13,0.969179859267122,0.308581549753388,2.26943354056273,26.0642851919548
mn200225-48,44.97,13,1.10316537734033,0.16670973012437,2.82328847986398,26.3859430205987
mn200225-48,44.97,13,1.15582996768342,0.732111241100841,2.39978484088217,32.141725296315
mn200225-48,44.97,13,1.10196944498515,0.791119294366256,2.41171595370324,32.6029212816481
mn200225-48,44.97,13,1.15554641986647,0.170145639700532,3.09589044337202,30.2032920377181
mn200225-48,44.97,13,1.22951848726223,0.0851615099398972,3.39596473483718,28.679716657719
mn200225-48,44.97,13,1.26192638157845,0.806771310207933,3.45403821530529,27.9091210869323
mn200225-48,44.97,14,1.10046665852276,0.945017943219567,2.5265658083346,23.4048514965025
mn200225-48,44.97,14,0.913930038867928,0.137801372703003,2.21335970827381,24.4219008699759
mn200225-48,44.97,14,0.964343813253315,0.348909041091604,2.07865332016599,22.9046522443345
mn200225-48,44.97,14,0.978432380079368,0.39814759830968,2.06395176004718,24.2824916444686
mn200225-48,44.97,14,0.946423808096679,0.229682709264869,2.23896217290889,22.7093575889104
mn200225-48,44.97,14,0.962267537951066,0.228361341568789,2.46283167225568,17.0123278304003
mn200225-48,44.97,14,1.67036587726694,0.675606296863632,7.38500067903516,29.4484430858107
mn200225-48,44.97,14,1.51705185939253,0.977020454378081,5.92199743982387,30.0290029124605
mn200225-48,44.97,14,1.56065124692478,0.978390996225193,6.13727491453328,31.4917387348346
mn200225-48,44.97,14,1.5147121374995,0.992550910784417,5.25567365042833,12.569555150857
mn200225-48,44.97,14,1.52949493653439,0.981490996933588,5.33818107092339,5.10836646139637
mn200225-48,44.97,15,1.15336462010821,0.508185173688848,3.51202828686355,15.4122256701921
mn200225-48,44.97,15,0.936301026139237,0.185534708589678,2.53053736756924,16.351315025718
mn200225-48,44.97,15,1.02391878194851,0.441726380172791,3.07803580346989,16.6190390721574
mn200225-48,44.97,15,0.977516958464616,0.354868242301317,2.54425078068395,25.6731797470571
mn200225-48,44.97,15,0.999852872841766,0.370712168502651,2.93526825906722,23.437169471363
mn200225-48,44.97,15,1.00872300953388,0.0194529568708046,2.67752332986409,18.8817463090938
mn200225-48,44.97,15,0.97451582417427,0.312719173687529,2.36658400026877,23.2458015373809
mn200225-48,44.97,15,1.0233549494956,0.266452924850717,2.65237502331421,21.6916288960105
mn200225-48,44.97,15,0.965854914641268,0.613686637675112,2.43976880862013,18.3152678269727
mn200225-48,44.97,15,0.930830191804659,0.468017007512228,2.14455556518953,16.4628643344582
mn200225-48,44.97,15,1.07928012629169,0.320774144632595,2.94155194534501,18.2217193817651
mn200225-48,44.97,15,1.16211606437456,0.695031689072853,3.12261926324509,24.8872287892898
mn200225-48,44.97,16,1.04372196296623,0.505240784402239,2.71142416423261,24.9516730803099
mn200225-48,44.97,16,1.15497215691883,0.379158108776462,3.38721817991579,25.9908798851843
mn200225-48,44.97,16,1.4361750428275,0.967470546564266,5.25912812018922,26.2951353276856
mn200225-48,44.97,16,1.4030950800415,0.979243033222561,4.91218496944258,23.5641277041431
mn200225-48,44.97,16,1.72205035328355,0.916638385923278,7.7453408457187,33.1723927456055
mn210215-59,45.41,12,1.71518504530924,0.802288554422255,7.38905503531057,44.0308834336037
mn210215-59,45.41,12,1.69227092428691,0.925661829213522,7.17396465089839,39.0885566156746
mn210215-59,45.41,12,1.45061870096441,0.969063100891959,4.92844121009715,39.8754326851546
mn210215-59,45.41,12,1.31750353201423,0.805452040294548,4.11775909788961,50.6999245004731
mn210215-59,45.41,12,1.67643674148997,0.982818137506446,7.04926022157587,40.8202649560623
mn210215-59,45.41,12,1.44345497218584,0.962446873910542,4.94847911089857,42.2052787785792
mn210215-59,45.41,12,1.49056470849137,0.93636868978081,5.60493570267294,41.3122850080897
mn210215-59,45.41,12,1.21549753185162,0.899798199193727,3.26371184991228,35.8475623096114
mn210215-59,45.41,13,1.47666377677214,0.850840262465657,5.04247750540872,32.02315656353
mn210215-59,45.41,13,1.68042647524469,0.9541476428771,7.06075022548595,28.0650395145769
mn210215-59,45.41,13,1.76404139896496,0.970297872013739,7.79676311561656,24.5390652066711
mn210215-59,45.41,13,1.41778964553989,0.547752951861132,4.8632913891874,31.1422409331335
mn210219-55,NaN,11,2.43605872967999,0.859262122821579,14.5052547986814,1.42654304104478
mn210219-55,NaN,12,2.18457046269375,0.932465901327156,11.7484384699271,2.04203128149451
mn210219-55,NaN,12,1.83621748297416,0.789333143370169,8.83328337526512,77.9720260386817
mn210219-55,NaN,12,1.75348263835886,0.931618377291934,7.59329414407852,10.7449226721513
mn210219-55,NaN,12,2.15080573858689,0.986490756375413,11.3869116885626,6.85194713652115
mn210219-55,NaN,12,1.86296732178969,0.989916776526534,8.60372032464891,13.6313961418985
mn210219-55,NaN,12,1.30886438197374,0.964004003561377,3.54113987117567,16.8135105859481
mn210219-55,NaN,12,2.68190606559307,0.897453236623411,16.5907053371797,8.32557508425363
mn210219-55,NaN,12,2.23845788809958,0.990099183402972,12.2642278389026,13.2031792741656
mn210219-55,NaN,12,2.05234841512891,0.849094901243982,10.447889798097,12.2385320693439
mn210219-55,NaN,12,2.1049154935836,0.864199342850374,11.1110841704749,30.2746236031478
mn210219-55,NaN,12,1.76565057803177,0.946303756499352,7.72597842112719,14.5800592437086
mn210219-55,NaN,13,1.83198044205885,0.919265703463285,8.36501377414021,18.5760179535274
mn210219-55,NaN,13,1.68669662291032,0.954549728844793,6.88031042895638,4.31116291361331
mn210219-55,NaN,13,1.74872119813839,0.940017474936993,7.47378449782812,6.85475767094355
mn210219-55,NaN,13,1.33018041610455,0.898064760848818,3.83320589515075,4.64217192618797
mn210219-55,NaN,13,1.94360270862841,0.775620269456015,10.3502900118664,25.0116583980165
mn210219-55,NaN,13,1.83514480542617,0.962355826039057,8.42506681886233,16.7258834084582
mn210219-55,NaN,13,1.91410714484845,0.917254781308268,9.15705754982512,15.6371929018173
mn210219-55,NaN,13,1.59944812915948,0.98725300102816,6.30334588543138,74.4393594357704
mn210219-55,NaN,13,1.43212286833372,0.978847040907313,4.53705247441737,16.8375013907109
mn210219-55,NaN,13,1.23635833374425,0.854467101668882,2.67903668140628,15.8846367841976
mn210219-55,NaN,13,1.59211995732799,0.846643683934949,6.93208425726168,82.3057204768401
mn210219-55,NaN,13,1.47155559924933,0.957823027442321,5.3571361021482,95.0307378164113
mn210219-55,NaN,14,1.61248761682894,0.947056456410774,6.71357517011942,94.3769337099676
mn210219-55,NaN,14,1.53009466569333,0.908728366907449,6.08931231303819,88.2452065396558
mn210219-55,NaN,14,1.63103820200635,0.930425709701947,7.40931590486575,113.247518457747
mn210219-55,NaN,14,1.5494809360384,0.945716255557355,6.47035024899006,100.675875727005
mn210219-55,NaN,14,1.46197870779369,0.949817943796002,5.43785767668889,72.4534706734761
mn210220-55,40.68,12,4.12967251777838,0.901772925843475,30.7754520175614,3.73311500318859
mn210220-55,40.68,12,2.57903063263125,0.970944844168053,15.7580017347758,42.6068164910971
mn210220-55,40.68,12,2.54140128083893,0.975937097358857,15.2219597658919,26.4497232067809
mn210220-55,40.68,12,2.32794635520243,0.963839716209425,13.2264368519824,64.8949352250436
mn210220-55,40.68,12,1.77525562784805,0.969340214976024,7.87014507058496,32.9381235756255
mn210220-55,40.68,12,1.46303261958064,0.963845017892799,5.45721743119138,27.1153505356307
mn210220-55,40.68,13,1.37154333542033,0.853126027242129,6.85115825232838,49.5193742258731
mn210220-55,40.68,13,1.72987696307023,0.97172494455405,7.55126827277044,56.2078377754987
mn210220-55,40.68,13,1.36238164000225,0.838444616147548,5.75087659771389,59.662425327972
mn210220-55,40.68,13,0.727177111734106,0.797741807611845,3.2913487413349,19.0575840977408
mn210220-55,40.68,13,0.859612783492883,0.691334831293297,3.58887399164933,17.6062527108734
mn210220-55,40.68,13,0.872241616063828,0.733368269255279,3.60052705881214,22.1767021059444
mn210220-55,40.68,13,0.851881141362508,0.493013167104027,3.11066634848286,21.3150090313248
mn210220-55,40.68,13,0.763396086016604,0.772102812675611,3.5466407701572,19.3901072963532
mn210220-55,40.68,13,1.00056821344471,0.794622434866969,3.60709211222262,20.5194831947893
mn210220-55,40.68,13,0.77083932490067,0.720020661654015,3.44564388209354,20.6149087048992
mn210220-55,40.68,13,1.80538548884291,0.656743400764886,9.55139263896186,21.041371928946
mn210220-55,40.68,13,1.67884770649686,0.980540931660854,7.18821539024319,77.9870003071743
mn210220-55,40.68,14,1.54963487362528,0.918077314576558,5.96909320849512,59.6978614950631
mn210220-55,40.68,14,0.850816575405479,0.824236443231427,2.22353214172377,16.8467497392458
mn210220-55,40.68,14,0.910347083347108,0.570688582353163,3.36477310037688,22.3982110196031
mn210220-55,40.68,14,1.10181024854989,0.607716930091724,4.06764605661911,25.5387915829191
mn210220-55,40.68,14,0.772005705714017,0.684132452179864,3.40191933397211,20.5496862020255
mn210220-55,40.68,14,0.864663382959996,0.582702395665105,3.58914160852251,18.8262099917356
mn210220-55,40.68,14,0.818130841962746,0.890740845843815,3.14271783288659,21.5088306173154
mn210220-55,40.68,14,0.833714667833565,0.616950414222044,3.10979897352318,20.6214484111279
mn210220-55,40.68,14,0.729358463408432,0.687128623171061,3.39004943609345,18.7533130706823
mn210220-55,40.68,14,0.960535359221899,0.75701255503711,3.31643032564414,20.2677521663133
mn210220-55,40.68,14,0.797549920416469,0.448867575630487,3.49993955753373,20.8042531307398
mn210220-55,40.68,14,0.860821973198269,0.773638131942974,3.14379123068937,18.1295598594672
mn210220-55,40.68,15,0.739780826028327,0.687295857047988,2.75847687931503,21.516434214828
mn210220-55,40.68,15,0.811257758847004,0.728246354778652,3.05428859813299,19.7723391044122
mn210220-55,40.68,15,0.799160854858701,0.791752757578774,3.13619675184292,18.3093334148409
mn210220-55,40.68,15,0.714978093889553,0.869272452876168,2.83311858363094,21.3630578359958
mn210220-55,40.68,15,0.814549814414246,0.577331477757535,3.17590065453998,19.6749121347159
mn210220-55,40.68,15,0.744612464016118,0.661085834191266,2.7671444654003,18.6566211311221
mn210220-55,40.68,15,0.977547205233653,0.91126790990849,2.3672774552933,50.8711832817658
mn210220-55,40.68,15,1.2188030179656,0.684505389515873,3.58704188861664,61.9953925488568
mn210220-55,40.68,15,1.09186292091298,0.852396554456938,2.99084983331212,51.3659838354984
mn210220-55,40.68,15,2.1692225818355,0.76064796088635,13.1921485438551,19.792197235717
mn210220-55,40.68,15,2.11037153409079,0.753193990615166,11.7740533134447,8.22324618886692
mn210220-55,40.68,15,1.80771440948419,0.901269251687485,8.53623912074545,21.1911542481923
mn210220-55,40.68,16,1.3086942010358,0.941620463958942,3.69617850992425,60.8305320232861
mn210220-55,40.68,16,1.06584973755763,0.81119135395722,2.69788458991223,18.7480498828233
mn210220-55,40.68,16,0.980525427726551,0.504531047674207,2.45544441471482,18.2071181882496
mn210220-55,40.68,16,0.9989864532363,0.727883524846971,1.98465575766713,19.8459051221022
mn210220-55,40.68,16,1.25435501021709,0.823439118623491,3.70234938699949,56.1869181059782
mn210220-55,40.68,16,1.34785768072607,0.966671627541272,4.01384420663975,57.049172620412
mn210220-55,40.68,16,1.11451823977449,0.923683220951186,2.94065555057455,46.8635176796741
mn210220-55,40.68,16,0.968020016976355,0.503477450022095,2.29524923811671,20.5902536726023
mn210220-55,40.68,16,0.933931546124761,0.672280748263412,2.23098785824557,17.325846225351
mn210220-55,40.68,16,0.939023974878149,0.569937658937703,1.95455137141852,21.8496572564021
mn210220-55,40.68,16,0.975523079384117,0.609477242615402,2.30165202549424,20.8660170398339
mn210220-55,40.68,16,1.55215900991565,0.854650115178641,6.56512335561226,18.3483923712145
mn210220-55,40.68,17,1.95193140071155,0.991750890870496,9.64097728570103,33.354357066743
mn210220-55,40.68,17,1.4087485447936,0.96740027114624,4.69673670859168,42.5946946104416
mn210220-55,40.68,17,1.1159670094916,0.873830340546446,3.10492401156607,21.2836307243137
mn210220-55,40.68,17,1.38139640175437,0.48029957757075,5.09960935484384,1.38630768375885
mn210220-55,40.68,17,1.37001045977746,0.381452372813957,5.0589170166393,2.31757819227268
mn210220-55,40.68,17,1.4172779358029,0.463354878662739,5.46508341942735,2.00032604866148
mn210220-55,40.68,17,1.01559447913779,0.533733067139279,2.48888152838175,19.4472548359707
mn210220-95,46.79,9,3.70035198219741,0.884611964603537,26.5907612667537,19.0231450173218
mn210220-95,46.79,9,3.6036413560072,0.91647708657188,25.6241382912523,18.7259192515014
mn210220-95,46.79,9,2.64899585728227,0.828960797089634,16.267047075848,8.01332864350313
mn210220-95,46.79,9,2.4026237599503,0.948956397002902,13.8686764997744,6.57066990974982
mn210220-95,46.79,9,2.56902343509093,0.992460660355047,15.4850940920724,18.1525906365449
mn210220-95,46.79,9,1.8696738534658,0.952213190108786,8.64259003163077,23.9980016778929
mn210220-95,46.79,10,2.06799568648872,0.975506420021715,10.6396587735995,32.0097114453806
mn210220-95,46.79,10,1.99873341785422,0.973331598215496,9.96953355402007,36.2052739580468
mn210220-95,46.79,10,1.64343210141178,0.972443811088018,6.47621361367041,7.09247107673056
mn210220-95,46.79,10,1.69468508615881,0.982487846241132,7.0821878129046,29.981125085347
mn210220-95,46.79,10,1.50188235708488,0.983923235498607,5.12070907626892,50.2421047526161
mn210220-95,46.79,10,1.43971654413694,0.987800512123822,4.49364771252261,9.24543861603848
mn210220-95,46.79,10,1.93188403893059,0.885637712019516,9.38310823249851,51.4089534798634
mn210220-95,46.79,10,1.91858724124046,0.780694402946954,9.2629387507503,48.6328225753176
mn210220-95,46.79,10,1.81458725750944,0.976028078223125,8.33596682244366,52.1305817095657
mn210220-95,46.79,10,1.34758227879027,0.965003350279999,4.00821870841805,55.447523455843
mn210220-95,46.79,10,1.5701890180603,0.978864503995636,5.85303939815859,77.6544377319855
mn210220-95,46.79,10,1.57800482652233,0.962784021024424,6.11620936085822,11.8118430696691
mn210220-95,46.79,11,1.56650272126442,0.487939542539857,6.02740183865621,8.70878881944291
mn210220-95,46.79,11,1.41681872428346,0.712078744258628,4.67656944299542,9.48026890986898
mn210220-95,46.79,11,1.28678718040971,0.965171977659294,3.29628087584416,65.5810908044143
mn210220-95,46.79,11,1.37992996235375,0.978043945875898,4.09519960059482,64.9586692767335
mn210220-95,46.79,11,1.25549389209167,0.981209720701467,2.75952720250597,15.4514585806635
mn210220-95,46.79,11,1.28559602221756,0.974870154128093,3.21072644270896,50.2411725088427
mn210220-95,46.79,11,1.42272489114943,0.771984234564544,4.49765398182839,59.5745918666001
mn210220-95,46.79,11,1.61390277384957,0.699455912276178,6.59344154628587,5.38023423228692
mn210220-95,46.79,11,1.41006753411852,0.942738304026263,4.69673920381403,5.38371256457594
mn210220-95,46.79,11,1.333920160518,0.963885258714528,3.84926957674645,52.0252394340915
mn210220-95,46.79,11,1.41987846309155,0.947621312408866,5.0784403227215,4.07543982512047
mn210220-95,46.79,11,1.32439443792786,0.906061364331171,4.67674762331647,4.48732114593161
mn210220-95,46.79,12,1.3043078332066,0.708188314111612,4.12217733347476,4.22132123634425
mn210220-95,46.79,12,1.3510049642702,0.897862844674607,4.35515304641364,9.55625829559208
mn210220-95,46.79,12,1.24717876947996,0.907955405843816,3.09147330567629,52.8646259670318
mn210220-95,46.79,12,1.30195802529163,0.924713074847339,3.61816295138817,58.2156264925402
mn210220-95,46.79,12,1.48948755402169,0.912022609846951,5.79442982779651,8.58295613802595
mn210220-95,46.79,12,1.6404856047755,0.941511637810256,6.87935287821228,66.0677366063717
mn210220-95,46.79,12,1.44232096165394,0.963986467707706,5.05405527223298,43.0225060954985
mn210220-95,46.79,12,1.39080260715037,0.981857800802374,3.99851119070576,85.9851899115559
mn210220-95,46.79,12,1.37597006822332,0.983064521122109,4.12626920576889,76.46152702921
mn210220-95,46.79,12,1.21344163291648,0.974155538761483,2.54538966630705,10.3063376522072
mn210220-95,46.79,12,1.03482310654986,0.965530609990063,1.03364272973503,21.8107503597778
mn210220-95,46.79,13,1.14211467719285,0.764967812569063,1.96374999842269,20.0363693038497
mn210220-95,46.79,13,1.24437242682313,0.865669814327327,3.03772510655749,84.14247429167
mn210220-95,46.79,13,1.41785259268447,0.955047933428992,4.79094588707615,85.312010697255
mn210220-95,46.79,13,1.39486650514194,0.955341000422692,4.44502045374732,77.0732462869179
mn210220-95,46.79,13,1.39341867634262,0.954618109750704,4.98346265160193,11.4020721299042
mn210220-95,46.79,13,1.4675277520056,0.641809215144816,5.80814574593695,5.11465752959291
mn210220-95,46.79,13,1.79076646204933,0.805381256351978,8.59359460630987,4.4733523181574
mn210220-95,46.79,13,2.04875200622739,0.963356087341033,10.8173227082973,5.89174596491925
mn210220-95,46.79,13,1.51015225255617,0.952361176063319,6.04059518047538,60.6571547897143
mn210220-95,46.79,13,2.11938166017397,0.955800491516644,11.6081276355215,60.7507263499132
mn210220-95,46.79,13,1.75052001365967,0.921684725762025,8.35318776344766,4.61334208410254
mn210220-95,46.79,13,1.78058122835362,0.941743720754799,8.45233741932624,3.46054230026749
mn210220-95,46.79,14,1.8124800902704,0.930495500670948,8.44967132206018,13.1069914927566
mn210220-95,46.79,14,1.37710023020036,0.974864350749548,4.28079029096429,25.1800662807638
mn210220-95,46.79,14,1.35349308352047,0.982138840692817,3.94794803663679,35.3250483304321
mn210220-95,46.79,14,1.51050490027239,0.970843368878629,5.55100942864678,30.863565858005
mn210220-95,46.79,14,1.59271560093426,0.939027976451924,6.7439821596391,37.8107516247446
mn210220-95,46.79,14,1.52984447296302,0.960462853901355,5.82721673132301,50.5751570117876
mn210220-95,46.79,14,1.50016777032411,0.971708374052955,5.55649375107949,115.719426803223
mn210220-95,46.79,14,1.86294672983513,0.983411767610526,9.01734137576307,170.981738602752
mn210220-95,46.79,14,1.62914194189303,0.976453276847123,6.62601319578463,33.3982685733507
mn210220-95,46.79,14,1.37905490141948,0.976846696485945,4.27403063066359,25.135095128495
mn210220-95,46.79,14,1.41614136044938,0.976539189074725,4.717443692005,53.2219928344013
mn210220-95,46.79,14,1.43044151976707,0.985580397712182,4.63819751638585,82.2438969607627
mn210220-95,46.79,15,1.35463659136405,0.945005266337215,4.23189580322761,45.3200650883214
mn210220-95,46.79,15,1.4497903889058,0.847255615369115,5.73167541420999,30.9909791660516
mn210220-95,46.79,15,1.625569554125,0.866242215650518,7.00377541568557,9.7527904514055
mn210220-95,46.79,15,1.57377224479781,0.772305008082892,7.14365397002945,6.48714752983034
mn210220-95,46.79,15,1.51990441202845,0.71603472683191,6.33549986952757,10.5909911932259
mn210220-95,46.79,15,1.37460293161663,0.909869790488824,4.43240681196246,55.2270643544169
mn210220-95,46.79,15,1.38776722161199,0.952551370197844,4.48327637917612,52.496520090955
mn210220-95,46.79,15,1.49648928103936,0.981336668445919,5.473526178916,111.149581121293
mn210220-95,46.79,15,1.582919525302,0.731720198927232,6.46176266939668,140.646004714011
mn210220-95,46.79,15,1.42777526859561,0.949715008227599,4.80212719607656,59.4162114434751
mn210220-95,46.79,15,1.51573531785729,0.804547337409221,5.88160981457766,7.6552106917319
mn210220-95,46.79,15,1.81162480240437,0.941023003590836,8.45734698244788,25.0422181319251
mn210220-95,46.79,16,1.59867692440642,0.958176790798764,6.3342641941946,82.6352203800215
mn210220-95,46.79,16,1.75600410568919,0.948851258443866,7.91693712333521,131.976479716638
mn210220-95,46.79,16,1.45583614064155,0.95571708497002,5.29388046896051,46.4518161566757
mn220202-99,36.81,10,0.539269472310535,0.905066421954564,3.65243244549927,4.60848691211158
mn220202-99,36.81,10,0.574374554465123,0.789116143695518,3.17930831580633,8.18654894769877
mn220202-99,36.81,11,0.524954397052194,0.8782694861384,3.47691890487162,4.42534173909459
mn220202-99,36.81,11,0.53498040751017,0.769982740934676,3.02035753483936,5.24206774033564
mn220202-99,36.81,11,0.540683677911262,0.897213934208049,3.42728150373354,3.68757231334463
mn220202-99,36.81,11,0.536194440090966,0.951178634617571,2.68575733653678,4.59024198933994
mn220202-99,36.81,11,0.548956124199282,0.959965962409545,2.90261246309529,5.02592493184411
mn220202-99,36.81,11,0.542272093904175,0.333862596028685,2.93927186834472,3.95060680755398
mn220202-99,36.81,11,0.531200084382758,0.602026377720309,3.45909998007569,5.6341919096889
mn220202-99,36.81,12,0.506557403804017,0.556592453811633,3.52501345866324,6.80589928871588
mn220202-99,36.81,12,0.530462299806873,0.475638362101361,2.85846173294819,11.3205068681521
mn220202-99,36.81,12,0.715940416698636,0.497168918995047,1.69573764166152,12.3665799568623
mn220202-99,36.81,12,0.990929357656758,0.432623281098353,2.7952096612578,12.1347096400578
mn220202-99,36.81,12,1.08351184261203,0.626834242099393,3.94550411002939,13.8075408390725
mn220202-99,36.81,12,0.905966028383599,0.327554175423744,3.79428755079573,13.3783897976776
mn220202-99,36.81,12,0.73067933473478,0.338948433423974,2.43751073957551,12.4492307003511
mn220202-99,36.81,12,0.83029483351009,0.305269277306091,2.06295549573311,10.9723690714149
mn220202-99,36.81,13,0.742246813969029,0.543337149782057,1.99399169363096,14.6925138966036
mn220202-99,36.81,13,0.781142436344467,0.0670933444595363,1.85131770476537,12.9034435826909
mn220202-99,36.81,13,0.815017008515619,0.156188256901519,2.03162761355614,12.1542580202716
mn220202-99,36.81,13,0.716472867453189,0.434257582663325,2.10234347598112,14.5420538563826
mn220202-99,36.81,13,0.756073443944933,0.300302079533612,1.95880373910675,12.5184829541472
mn220202-99,36.81,13,0.765391466954763,0.634047403877338,2.03814331858208,13.3619962755462
mn220202-99,36.81,13,0.728593607961898,0.301607628121553,1.94580713105047,12.4144389490962
mn220202-99,36.81,13,0.721192401234391,0.351196237233619,2.00589126071806,14.5122494758188
mn220202-99,36.81,13,0.742692675369015,0.249904073428316,2.05150268440442,12.7654760847668
mn220202-99,36.81,13,0.919950316291182,0.80443367607262,1.7320369580504,8.90946042800856
mn220202-99,36.81,13,0.775074555215205,0.538777464259723,1.72694040986604,8.68990012870167
mn220202-99,36.81,14,0.823607668206686,0.364499023661455,1.96225486460132,11.681899704833
mn220202-99,36.81,14,0.84063754556433,0.0377623801947929,1.95661959115022,11.2653679705208
mn220202-99,36.81,14,0.787251989452348,0.69177034749966,2.13615150090435,11.4259558197169
mn220202-99,36.81,14,0.804513410847973,0.470112808221147,1.79908215921253,11.7769149254925
mn220202-99,36.81,14,0.744677263396907,0.641822257310556,1.9697646642176,10.7803669441286
mn220202-99,36.81,14,0.74912500299139,0.36677523607325,1.98511373693512,10.0078075971511
mn220202-99,36.81,14,0.944427244778611,0.710650447179334,2.48797912939596,12.4763148655908
mn220202-99,36.81,14,1.14095575827651,0.919342627954675,2.43844753353741,5.85929373011523
mn220202-99,36.81,14,0.749554020087832,0.855485831710727,2.30711105249072,12.3380551664822
mn220202-99,36.81,14,0.768160902498882,0.568718858742021,2.12399327658134,12.629197796028
mn220202-99,36.81,14,0.782218469466002,0.557196852679574,1.98723504447294,12.3533961614991
mn220202-99,36.81,14,0.761814732155702,0.244042727567832,2.22671235121531,12.2044075925924
mn220202-99,36.81,15,0.807961737542705,0.337948133154383,2.16652661000772,13.6831131419997
mn220202-99,36.81,15,0.839416778873622,0.175556693904373,2.14155429357884,12.7854217768072
mn220202-99,36.81,15,0.800737027433338,0.181624511745288,1.78679586804879,11.1999107754672
mn220202-99,36.81,15,0.806291644142031,0.735808312959773,2.20423476102881,11.9070886752675
mn220202-99,36.81,15,0.766344127846435,0.7542370529031,1.7990270322903,9.36404126836775
mn220202-99,36.81,15,1.07615922332606,0.356199716153206,3.49100696368831,7.15318593317206
mn220202-99,36.81,15,1.16268676899782,0.84208107822982,3.69047234602577,6.09283003985084
mn220202-99,36.81,15,1.63689130658978,0.962010536256078,7.03485616716231,6.6422489193041
mn220202-99,36.81,15,1.04231538319434,0.963774237824299,2.17583668985643,10.3085668908971
mn220202-99,36.81,15,0.827684300918579,0.592284017372653,2.08688620702637,9.97324637506931
mn220202-99,36.81,15,1.22433906538895,0.872616042880833,3.30209284613035,6.09576545767091
mn220202-99,36.81,16,1.1826297898253,0.567465040612492,3.43342980230612,21.8969213608387
mn220202-99,36.81,16,1.22062267116339,0.750275678676218,4.65042471175,14.7478384147821
mn220202-99,36.81,16,1.31618028739841,0.341669975975856,4.70361623985212,9.07077706866717
mn220202-99,36.81,16,1.34030846578991,0.389021101346239,4.84577681945159,11.5244692783113
mn220202-99,36.81,16,1.38254506892405,0.877012670139066,4.5308159611274,27.0637511909787
mn220202-99,36.81,16,1.29301305997612,0.951709634679999,4.00163203727038,19.6112133586878
mn220202-99,36.81,16,0.759562291394859,0.178984996790627,2.57551385003048,13.311119900579
mn220202-99,36.81,16,0.82209748914822,0.229873741829927,2.0343673678659,11.4247510920935
mn220202-99,36.81,16,0.823223975629365,0.610013248610346,2.16496800845466,16.4920700675426
mn220202-99,36.81,16,0.989431808345656,0.442569529025257,2.41352434745353,14.9483409049122
mn220202-99,36.81,16,0.864841896084484,0.585548650803482,2.81402813420892,13.9907259661208
mn220202-99,36.81,16,0.89784446897089,0.792471095253634,2.22526803360029,15.0486683601097
mn220202-99,36.81,17,0.891732905017863,0.579120370978852,2.06404292926777,15.0461115398366
mn220202-99,36.81,17,0.920434305011219,0.528132549577409,2.26806044517394,16.2007054487245
mn220202-99,36.81,17,0.912817407642387,0.676498864095209,2.23844634061197,13.5461322381935
mn220202-99,36.81,17,0.750291799283717,0.474856271415266,2.3121410246467,11.5070699608048
mn220202-99,36.81,17,0.831641258058882,0.175123405631067,2.36102608076238,9.37593741204374
mn220202-99,36.81,17,0.785225653064372,0.523718921653185,2.09751585448874,14.0752636962679
mn220202-99,36.81,17,0.754677959751611,0.578172472730178,2.05800503145116,15.6583642557522
mn220204-99,42.23,8,1.58160552787047,0.734506138290412,5.8342876024886,2.19036590270191
mn220204-99,42.23,9,1.48040700668788,0.904118720352352,4.99784551476651,2.11620276423635
mn220204-99,42.23,9,1.49865707699998,0.890950614983973,5.4824065859061,32.0523374186059
mn220204-99,42.23,9,1.96918352036268,0.63264536897574,9.72319610623966,36.7014983221069
mn220204-99,42.23,9,1.68855471395155,0.968352508322502,6.88390276584501,8.79956151135986
mn220204-99,42.23,9,1.60713284507374,0.991086880270072,6.15089384567449,15.5892295119864
mn220204-99,42.23,9,1.65909856076516,0.964956847711147,7.12252732996246,53.1526293987053
mn220204-99,42.23,9,1.71251049844853,0.964202539967284,7.42819335622112,46.4937449749353
mn220204-99,42.23,9,3.01693799404586,0.613638622146411,20.0365818947441,22.456971860027
mn220204-99,42.23,9,3.36531463594919,0.964217708824514,23.419798024167,64.4036117890199
mn220204-99,42.23,9,2.10529419272395,0.988825303240428,11.0525058175818,56.3877970011103
mn220204-99,42.23,9,1.92034705797309,0.98300759376184,9.28043010664134,69.3589645496648
mn220204-99,42.23,9,1.69956081802902,0.99101206171559,7.01098260195717,11.9056045088941
mn220207-99,32.46,9,3.84982661011217,0.962521326490763,28.0034365466665,9.63293325167308
mn220207-99,32.46,9,2.20904820336741,0.98800284676071,11.9348900885271,13.3972203216205
mn220207-99,32.46,9,1.54866336918898,0.992284050286697,5.58247923849607,10.9464305954797
mn220207-99,32.46,9,1.09803513880623,0.831360923440346,2.00415545795276,18.3552377342545
mn220207-99,32.46,9,1.12064904701875,0.411880052732225,2.64744176860364,17.3146248938211
mn220207-99,32.46,9,0.99368091851697,0.806823343938072,1.49495826341213,14.5762612697355
mn220207-99,32.46,9,1.29444667082854,0.422094574815496,4.03953680148328,13.4826800176928
mn220207-99,32.46,9,1.23090579567742,0.714698836470511,3.37124578308589,16.5246544137202
mn220207-99,32.46,9,1.11777827948655,0.739509963740697,2.24904088595613,15.5163962252521
mn220207-99,32.46,9,1.2722158907265,0.281043488311525,3.69920674276133,12.9818718887474
mn220207-93,40.67,12,2.02592261007667,0.963153511893534,10.1734653473107,5.10425706956858
mn220207-93,40.67,12,1.62920973281226,0.978141537821687,6.47352259928104,65.2018237701639
mn220207-93,40.67,12,1.46300725597113,0.980000495645294,4.71425255188829,9.37539359700632
mn220207-93,40.67,12,1.41734417817036,0.985089703828559,4.23749932723015,6.02275683563616
mn220207-93,40.67,12,1.38487250073148,0.980080748831596,3.95828687693399,6.0784088758189
mn220207-93,40.67,12,1.31163882187367,0.974975282027515,3.25565652388215,8.76585144144207
mn220207-93,40.67,12,1.31400800131732,0.768735157305114,3.70899593068321,23.2463077056315
mn220207-93,40.67,12,1.30005287378638,0.892539917217154,3.52312767498332,6.48204225232108
mn220207-93,40.67,12,1.36900686787311,0.881572334032729,4.08236948122316,21.0493343307168
mn220207-93,40.67,12,1.52550481462316,0.935521759660032,5.68421564954317,55.8648866070809
mn220207-93,40.67,12,1.74231136651605,0.932223919547447,7.84838919330997,86.7254006541806
mn220207-93,40.67,13,1.55134991188254,0.796732350513882,5.83147351121443,34.0151749688977
mn220207-93,40.67,13,1.41981696165743,0.853817928046595,4.60409305339929,48.4846458845038
mn220207-93,40.67,13,1.50377128556,0.919303138833142,5.49847091888452,94.9194016854712
mn220207-93,40.67,13,1.48707928147766,0.917213745673333,5.26389383998232,46.1524578051698
mn220207-93,40.67,13,1.3515363078512,0.982354997541894,3.85398729714538,9.83316621952235
mn220207-93,40.67,13,1.15627620034865,0.65068240524592,2.36958810764363,23.162713744616
mn220207-93,40.67,13,1.23769896426349,0.0317345560282074,3.33998868008998,21.433402951587
mn220207-93,40.67,13,1.32269946745443,0.910396151368224,3.61688878926278,6.97668669442076
mn220207-93,40.67,13,1.23384053407555,0.817663620283448,3.21429251280295,18.0279777171704
mn220207-93,40.67,13,1.80240606416008,0.177415291948941,8.57913612428294,23.4561282371094
mn220207-93,40.67,13,1.71378891623077,0.210019413902978,8.04034217109608,20.2164328371848
mn220207-93,40.67,13,1.60964578519499,0.598813385123663,6.48648033163688,20.0241617784641
mn220207-93,40.67,14,1.59045054244144,0.563865742996959,6.47068534492771,94.3594542093066
mn220207-93,40.67,14,1.95987571468258,0.896493677268019,10.0654178945496,97.4738366294343
mn220207-93,40.67,14,2.06187839232862,0.83961406306493,10.8748966915122,42.0220684001106
mn220207-93,40.67,14,2.05572188610098,0.856553310211359,10.8302400288545,85.2936487131956
mn220207-93,40.67,14,1.8345515915387,0.818986142018758,8.59824160882157,15.6469709786574
mn220207-93,40.67,14,1.40303406953493,0.893133366132422,4.40196906898283,24.6562624712578
mn220208-99,47.88,10,1.30285042899583,0.979445505300866,3.49095428486965,18.5201507321788
mn220208-99,47.88,10,1.30173660143752,0.953097162930926,3.82774059353284,16.2758732447495
mn220208-99,47.88,10,1.28776484808029,0.904341703492405,3.58468500494781,10.3289562870613
mn220208-99,47.88,10,1.55212700578101,0.66298952508677,6.75740458549417,30.6273039703545
mn220208-99,47.88,10,0.914072758347678,0.949202208867158,2.56517550016061,8.80835269115181
mn220208-99,47.88,10,0.836191766984449,0.970638003596387,3.14355134842468,4.34035018668557
mn220208-99,47.88,10,0.840228624945554,0.756761871760474,2.68949730138156,2.48878557023856
mn220208-99,47.88,10,0.812709462078162,0.503014695307052,2.58263869264779,10.4331996684561
mn220208-99,47.88,10,0.754541271306327,0.802310646991421,2.81851402267975,9.07082644062071
mn220208-99,47.88,10,0.726434810652258,0.832810930112816,2.94168613646054,18.8802018491151
mn220208-99,47.88,10,0.77967924394606,0.673709788626368,3.4779503772293,18.3978138336969
mn220208-99,47.88,11,0.819307167117456,0.552976757393508,3.71584594993212,19.8752268612488
mn220208-99,47.88,11,0.916464387802518,0.829102150481239,3.99483215640684,20.941548192672
mn220208-99,47.88,11,2.525032143613,0.851497488218999,16.5523291634164,32.5038988361166
mn220208-99,47.88,11,2.41158971136574,0.926313003559498,14.7618318620978,34.3158340881255
mn220208-99,47.88,11,1.00892260681066,0.702654693651528,3.71062968398482,21.8620558099316
mn220208-99,47.88,11,0.913399057666559,0.0651156731619139,2.50594164555034,21.1759447916742
mn220208-99,47.88,11,0.983901070933912,0.245179583622567,2.57063294052746,11.6411006306046
mn220208-99,47.88,11,1.21077408113817,0.893427433666267,3.61625551805262,45.6465757981153
mn220208-99,47.88,11,1.0873880936783,0.895045598225744,2.53280315786513,40.2387170809068
mn220208-99,47.88,11,0.822326111762224,0.941638364879957,1.78038446517747,19.0602018341821
mn220208-99,47.88,11,2.0361942049095,0.716651870135475,11.4361266883653,53.8312632701297
mn220208-99,47.88,11,1.2717269716394,0.908235667173756,3.99886504960229,47.970098045502
mn220208-99,47.88,12,1.4068259107323,0.920378380336528,5.48858544807253,69.7272763752603
mn220208-99,47.88,12,0.834720898392267,0.768390677830717,1.71036015655577,19.8761578490528
mn220208-99,47.88,12,0.824360950370904,0.411476356438761,2.51551732391148,18.9181291014456
mn220208-99,47.88,12,1.38285666728943,0.57598556852231,5.02848651071783,55.5695018560991
mn220208-99,47.88,12,1.874714329716,0.970767288387907,8.82241841600043,56.9103866666
mn220208-99,47.88,12,1.10295642839375,0.953668313375867,2.29734532464375,23.5519854765516
mn220208-99,47.88,12,1.2377617006994,0.948783308368967,3.09637828353125,56.7288616953077
mn220208-99,47.88,12,0.978107743092094,0.900800265337157,1.90665861189485,19.837640010427
mn220208-99,47.88,12,0.839961081760081,0.49689942261089,2.05934241252647,20.2424234658312
mn220208-99,47.88,12,1.24482117237142,0.665761851723482,3.64764942241394,53.4781882985365
mn220208-99,47.88,12,1.17643658968212,0.961276079360301,2.66165543043078,49.599526246947
mn220208-99,47.88,12,1.10334772750381,0.921909875653363,3.07370113566448,22.4513282673034
mn220208-99,47.88,13,1.24671577352768,0.42933251388238,4.03300405338306,35.6147330749417
mn220208-99,47.88,13,1.1997388606051,0.911927992873615,3.43800966295261,24.5712611897982
mn220208-99,47.88,13,0.697677625006873,0.957025781123876,3.21481232312869,15.7681497688888
mn220208-99,47.88,13,0.594889017139217,0.380626672203149,2.2845202855732,14.1707424166385
mn220208-99,47.88,13,0.740531164665974,0.6575735232847,1.81548716527927,14.4560563783782
mn220208-99,47.88,13,1.04368640747051,0.659011904149098,2.95767924083543,34.2761376047871
mn220208-99,47.88,13,0.895593476772394,0.389997029265913,2.2569777266538,21.1416610114633
mn220208-99,47.88,13,1.39064007199048,0.81970874025619,5.21421902194115,37.0207368446963
mn220208-93,43.78,10,1.18853322683572,0.593976670444718,3.08915188263971,5.61675940360367
mn220208-93,43.78,10,1.19986477314397,0.237207650218454,2.68899608852443,1.91049131251686
mn220208-93,43.78,10,1.17181355736156,0.0796440672276488,3.25386416175857,13.3332367092192
mn220208-93,43.78,10,1.14157597611414,0.337217062534395,3.43016571657373,18.7132955959623
mn220208-93,43.78,10,1.15720134865369,0.369627653748434,4.13492950676853,17.9783998973417
mn220208-93,43.78,10,1.13590030394831,0.787362170923146,2.72570268633078,17.8969943171345
mn220208-93,43.78,11,1.13325897804902,0.695173293119115,2.0693869798914,17.2447917759071
mn220208-93,43.78,11,1.13036181918646,0.774705547840062,1.782765493783,15.1018659942858
mn220208-93,43.78,11,1.12819147714766,0.914259676837001,1.81731837445689,19.5975682542556
mn220208-93,43.78,11,1.13831528698046,0.692670630648031,2.16283388277089,26.5203389913254
mn220208-93,43.78,11,1.16669355126673,0.832545871989458,2.62616910405572,30.5066045477034
mn220208-93,43.78,11,1.24990486076609,0.53192527250243,3.73247297255254,27.2069599771082
mn220208-93,43.78,11,1.22671822629405,0.757213997637665,3.33548353177759,37.4211536194264
mn220208-93,43.78,11,1.21582730824528,0.846365875710228,2.96938601678215,38.5354946077045
mn220208-93,43.78,11,1.19783695472321,0.482138270669616,2.71458545543229,20.6244730402934
mn220208-93,43.78,11,1.32473549912102,0.61766381175604,4.04623081676374,37.0085567342731
mn220208-93,43.78,11,1.30491212469486,0.688364518376142,4.08064245408608,30.9384270308428
mn220208-93,43.78,11,1.20215914884286,0.502765001935388,3.0706713874746,10.3090132740207
mn220208-93,43.78,12,1.13780020159796,0.567109758784215,2.34227957694309,19.6727840792795
mn220208-93,43.78,12,1.12555064987064,0.644917840408501,2.3336219660875,18.4493633299181
mn220208-93,43.78,12,1.14705870901127,0.2380002999457,2.79390728631956,16.8105593411663
mn220208-93,43.78,12,1.21291707697904,0.836911847544609,3.12374924833892,39.8359621513639
mn220208-93,43.78,12,1.15554248450074,0.528143902777441,2.54812699921999,21.5502444317655
mn220208-93,43.78,12,1.15819778135446,0.951981657387335,2.32260520979181,22.6627619556545
mn220208-93,43.78,12,1.09210715787038,0.686523578393573,1.46205520954293,23.3171763937532
mn220208-93,43.78,12,1.32532519329491,0.834102103610193,3.83524047735627,37.5683929900462
mn220208-93,43.78,12,1.19322638767361,0.951301771826921,2.56955535145704,14.2690459671923
mn220208-93,43.78,12,1.15806853477065,0.983504258823811,2.08372950084873,8.05927827493643
mn220208-93,43.78,12,1.17143060546256,0.932144437862731,2.2549230611252,23.1233544331882
mn220208-93,43.78,12,1.17382143493162,0.55731054963831,2.45399307772591,21.0119369377863
mn220208-93,43.78,13,1.19604501715126,0.69562355089373,2.40773889214546,29.0909191674171
mn220208-93,43.78,13,1.27674628905287,0.749714360283606,3.51836413044571,29.0628300149066
mn220208-93,43.78,13,1.26323064537868,0.843910306325029,3.47139060234951,30.492557773243
mn220208-93,43.78,13,1.23772958313753,0.143979475765345,3.79096097122372,30.4914523156211
mn220208-93,43.78,13,1.18950147541868,0.72624569483884,2.55641898311663,15.0531939301096
mn220208-93,43.78,13,1.29812305965167,0.924846206739483,3.5231115488824,40.9591334900827
mn220208-93,43.78,13,1.18463075377332,0.926090839668558,2.84500515260514,19.330130547916
mn220208-93,43.78,13,1.07820470766401,0.426523690503509,1.36946732180944,20.575977067683
mn220208-93,43.78,13,1.08296679199287,0.385183250358518,1.50791271562327,20.3624600155861
mn220208-93,43.78,13,1.080194822654,0.523154185881504,1.64595382174521,18.1248913506719
mn220208-93,43.78,13,1.12587865586072,0.739675163073716,2.12734047223407,23.5910534019649
mn220208-93,43.78,13,1.09861053042954,0.349064889924274,2.16084169520132,22.3068710010663
mn220208-93,43.78,14,1.27019491296414,0.905991889537184,3.7124091359526,39.1419816283309
mn220208-93,43.78,14,1.19910735569177,0.799568576795048,3.37381648279475,21.3855670352702
mn220208-93,43.78,14,1.18544486997648,0.878181668654424,3.3590921793336,15.5344191692601
mn220208-93,43.78,14,1.25434418717363,0.289324084340482,3.66245120262145,15.758861889457
mn220208-93,43.78,14,1.30529697977537,0.0286415036321904,4.1059303203458,15.4564508518769
mn220208-93,43.78,14,1.34458906581589,0.403768376652774,4.27628264630199,13.3286290844407
mn220208-93,43.78,14,1.34857911703547,0.243088491461489,4.43758935671154,12.0711687790421
mn220208-93,43.78,14,1.29791932102454,0.252524774925522,4.0267864186987,15.4164208949668
mn220208-93,43.78,14,1.26513055039689,0.181114809367996,3.90446008861679,14.5917148461506
mn220208-93,43.78,14,1.15719329746067,0.307136320262614,2.70700016568934,16.7471636400479
mn220208-93,43.78,14,1.48883758655395,0.80055024747641,5.41014544827958,22.1837142630773
mn220208-93,43.78,14,1.42833940192424,0.868975151676009,4.9977889128018,32.8110324457007
mn220208-93,43.78,15,1.23807756334205,0.814266550150212,3.18589923624936,49.8030770764164
mn220208-93,43.78,15,1.30506906592674,0.559907948912086,4.00153419192294,18.3673932785036
mn220208-93,43.78,15,1.17151276817527,0.564779662358489,3.22526675796368,4.58056728786069
mn220208-93,43.78,15,1.21075971960423,0.295646756180645,3.77430188430962,5.79479811454691
mn220208-93,43.78,15,1.43409303149622,0.834189729389581,5.00589186790453,45.0827016336709
mn220208-93,43.78,15,0.988061821648477,0.951376829330343,0.762550634925306,5.2029399886262
mn220208-93,43.78,15,0.997964213039349,0.94887657549107,0.712806635547979,4.19396239638266
mn220208-93,43.78,15,0.991961620401486,0.944573317927311,0.594694119162444,5.03594640118026
mn220208-93,43.78,15,1.11626037875589,0.872216110629167,2.03606435559914,30.2245251235862
mn220208-93,43.78,15,1.25519651006131,0.859494516493699,3.60586348751626,33.651846988194
mn220208-93,43.78,15,1.19961706946348,0.938564910688954,3.22635193412432,33.242678661483
mn220208-93,43.78,15,1.10033045870459,0.933844150713092,2.29019195109085,5.75005989118537
mn220208-93,43.78,16,1.03546759148449,0.473289497939276,1.94140895182941,21.2706468349786
mn220208-93,43.78,16,1.04208355925155,0.658107324783884,1.66784186112629,18.4877844984942
mn220208-93,43.78,16,1.00826816009704,0.748016696709839,1.63082062031405,17.4839698639224
mn220208-93,43.78,16,1.14836602514705,0.945179325453762,2.29118105802413,42.039293583047
mn220208-93,43.78,16,1.42102929712285,0.858871629116297,5.20120187998834,39.2989774848568
mn220208-93,43.78,16,1.22131118947851,0.915462173293872,2.90925551386823,42.9945751450418
mn220208-93,43.78,16,1.15407093717638,0.916006238083825,2.40241114417765,16.3819498381662
mn220208-93,43.78,16,1.2702808354473,0.589218924432171,3.74965000791729,37.2149766196875
mn220208-93,43.78,16,1.30208678023922,0.0517563350293468,4.35418977620729,32.3702676667938
mn220208-93,43.78,16,1.35942008981649,0.719351510694291,4.39838159903177,39.9650728268902
mn220208-93,43.78,16,1.42477397245617,0.559788276666838,5.08579662223393,44.7134783755416
mn220208-93,43.78,16,1.23684525549346,0.912355871741925,3.17507777635567,40.3446425962267
mn220208-93,43.78,17,1.54041555243506,0.897149417362917,5.90547998502993,28.6970470806807
mn220208-93,43.78,17,2.45098701782397,0.908896995190226,14.6159659334494,14.0317366908661
mn220208-93,43.78,17,2.1274847181336,0.49184365575205,11.924375454211,46.1317098498315
mn220208-93,43.78,17,1.46764160260683,0.91664063585094,5.09447841911225,1.83455517793839
mn220208-93,43.78,17,1.45583901261684,0.914588604266331,5.72464932811772,40.3778061905847
mn220208-93,43.78,17,1.24291860459065,0.95225498266146,3.98016212496395,21.7075079193279
mn220208-93,43.78,17,1.54125537594682,0.879433700443318,6.58728259661892,16.5313912792345
